"Fab.";"Code";"Description"
"ATS";"WHA";"WHAOO"
"ATS";"AFF";"AFFINITY"
"ATS";"ALA";"A LA CARTE"
"ATS";"ATT";"ATTITUDE"
"ATS";"BAI";"BAILA"
"ATS";"SOL";"SOL'AIR"
"ATS";"SOM";"SOLMANIA"
"ATS";"TAN";"TANGO"
"ATS";"MIF";"MODE IN FRANCE"
"ATS";"PUR";"PURE"
"ATS";"GOM";"I GOM"
"ATS";"PER";"LES PERSONNALITES"
"ATS";"GOL";"GOLD CLASSIC"
"ATS";"TAU";"TAUPIE"
"ATS";"EST";"ESTIVALES"
"ATS";"TEE";"TEEN'S"
"ATS";"SER";"SERENITY"
"ATS";"TIT";"I TITANE"
"ATS";"TEC";"TECHNIUM"
"ATS";"PLU";"PLUME"
"ATS";"LOU";"LOUSTICS"
"ATS";"ZES";"ZEST"
"ATS";"LES";"LES UNANIMES"
"ATS";"MY";"MY STAR"
"ATS";"DRE";"DREW. S"
"ATS";"MED";"MEDLEY"
"ATS";"ELI";"ELITE SOLAIRE"
"ATS";"MOR";"MORPHOZ"
"ATS";"ELO";"ELITE OPTIQUE"
"ATS";"INI";"LES INIMITABLES"
"ATS";"G&L";"GABIN&LEONIE"
"ATS";"CAS";"O² CASHMERE"
"ATS";"JOH";"JOHNNY"
"ATS";"RAY";"RAY-BAN (ATS)"
"ATS";"NEW";"NEW BALANCE"
"ATS";"MDL";"MEDLEY SPORT"
"ATS";"DSQ";"DSQUARED2"
"ATS";"STU";"Le Studio Lissac"
"ATS";"AMB";"AMBLYOPE"
"ATS";"RET";"RETRO"
"ATS";"TWI";"TWINSET"
"ATS";"TWP";"TWINSET PREMIUM"
"ATS";"MCO";"MORPHOZ&CO"
"ATS";"MES";"MEDLEY SOLAIRE"
"ATS";"PRU";"PRUDENSEE"
"ADC";"1";"MAUBOUSSIN"
"ATS";"KLG";"KARL LAGERFELD"
"ATS";"JAW";"JAW"
"ATS";"EVE";"EVERMAN"
"ATS";"RBX";"RAY-BAN VISTA (ATS)"
"ATS";"ASA";"ATTITUDE SANTE"
"ATS";"SMM";"SUMMAE"
"ATS";"SEA";"SEA2SEE"
"ATS";"COS";"COSMOPOLITAN"
"ATS";"DRS";"DREW. S SOLAIRE"
"ADC";"2";"LES TRIPLES"
"LAM";"3";"CERRUTI 1881"
"ADC";"16";"RIP CURL"
"LAM";"4";"CHEVIGNON"
"LAM";"5";"LE TEMPS DES CERISES"
"LAM";"6";"MADE IN ITALIA"
"LAM";"7";"SONIA RYKIEL"
"ADC";"8";"SCHOTT"
"LUX";"9";"OAKLEY"
"LUX";"10";"Polo Ralph Lauren"
"LUX";"11";"Ralph Lauren"
"LUX";"12";"Vogue"
"LUX";"13";"RAY-BAN VISTA"
"LUX";"14";"RAY-BAN JUNIOR VISTA"
"LUX";"15";"RAY-BAN JUNIOR SOLE"
"LUX";"17";"Ray-Ban"
"SAF";"18";"CARRERA"
"SAF";"19";"HUGO BOSS"
"SAF";"20";"MARC JACOBS"
"SAF";"21";"MAXMARA"
"SAF";"22";"POLAROID"
"ODL";"23";"Faconnable"
"ODL";"24";"Faconnable Garcons"
"SEA";"25";"Ba&sh"
"SEA";"26";"Kosby"
"SEA";"27";"Little Paul & Joe"
"APL";"28";"PIWATOO"
"BLI";"29";"J-F REY"
"MAF";"30";"NIKE"
"MAF";"31";"KARL LAGERFELD"
"MAF";"32";"CALVIN KLEIN"
"MAF";"33";"LACOSTE"
"MAR";"34";"Guess"
"MAR";"35";"Diesel"
"BSH";"36";"CEBE"
"BSH";"37";"Bollé"
"BSH";"38";"SERENGETI"
"BBGR";"NKN";"Icare"
"LGA";"H";"SEIKO"
"LGA";"P";"EDEN PARK"
"MVF";"39";"Morgan"
"DRF";"01";"Police"
"APL";"WF";"WHISTLER HILLS"
"OPA";"SPI";"Spider-Man"
"OPA";"DCA";"Disney Cars"
"OPA";"DPR";"Disney Princess"
"OPA";"HKI";"Hello Kitty"
"OPA";"TEC";"TARTINE ET CHOCOLAT"
"SEA";"PJ";"PAUL & JOE"
"VIS";"BM";"BANANA MOON"
"JUL";"JUL";"JULBO (ATS)"
"CHA";"43";"ESPRIT"
"SOP";"VU";"VUARNET"
"CHA";"ELL";"ELLE"
"ATS";"TOA";"TOUR AUTO"
"SAF";"HUG";"HUGO"
"SAF";"BOR";"BOSS ORANGE"
"ATS";"SES";"SEA2SEE SOLAIRE"
"ATS";"KUQ";"KUMQUAT"
"KEY";"GUC";"GUCCI"
"OPA";"LMI";"LES MINIONS"
"ATS";"CSO";"COSMOPOLITAN SOLAIRE"
"ADC";"INV";"INVU"
"ATS";"MLO";"MAISON LEO"
"ATS";"MLS";"MAISON LEO SOLAIRE"
"KEY";"CHL";"Chloé"
"KEY";"PUM";"Puma"
"KEY";"SLP";"Saint Laurent"
"JUL";"JO";"PARIS 2024"
"OPA";"BER";"BERENICE"
"ATS";"RBS";"Ray-Ban Stories"
"OPA";"DEM";"Demetz"
"LUX";"4";"Burberry"
"LUX";"DG";"Dolce & Gabbana"
"LUX";"23";"Versace"
"LUX";"18";"Persol"
"LUX";"16";"Prada"
"ATS";"UDC";"UN DEGRE CINQ"
"SEA";"CAR";"Carven"
"FRE";"FRE";"French Retro"
"JUL";"JSP";"JULBO"
"BSH";"BSP";"BOLLE (ATS)"
"BSH";"CSP";"CEBE (ATS)"
"DMZ";"DSP";"DEMETZ (ATS)"
"DMZ";"DEM";"Demetz"
"MAF";"20";"LONGCHAMP"
"ADC";"CL";"CHRISTIAN LACROIX"
"ADC";"MJ";"MAJE"
"ATS";"CHO";"CHAMPION"
"ATS";"CHS";"CHAMPION SOLAIRE"
"LUX";"RAY";"RAY-BAN (ATS)"
"LUX";"RBX";"RAY-BAN VISTA (ATS)"
"KOE";"COS";"COSMOPOLITAN"
"KOE";"CSO";"COSMOPOLITAN SOLAIRE"
"LUX";"EAR";"Emporio Armani"
"LUX";"MK";"Michael Kors"
"RAC";"CSP";"CEBE (ATS)"
"REVUE";"REV";"REVUE"
"SUS";"SEA";"SEA2SEE"
"SUS";"SES";"SEA2SEE SOLAIRE"
"ATS";"LIM";"LIMLESS"
"ATS";"ICI";"ICI&CO"
"LUX";"RBS";"Ray-Ban Stories"
"DRF";"47";"Zadig & Voltaire"
"ADC";"SD";"SANDRO"
"MAR";"GU";"Guess (ATS)"
"ATS";"CHT";"CHAMPION TEENS"
"ATS";"MCL";"MONTURE CLIENT"
"ATS";"STC";"STYLECOLORS"
"LUX";"FZ";"FERRARI SCUDERIA (ATS)"
"SAF";"35";"DAVID BECKHAM"
"SAF";"ISM";"ISABEL MARANT"
"ATS";"ANC";"ANCRAGE"
"KEY";"MMM";"Montblanc (ATS)"
"KEY";"SLX";"Saint Laurent (ATS)"
"ATS";"IBZ";"IBIZCUS"
"MAR";"SP";"Adidas"
"CCO";"CM";"Clémence & Margaux"
"ATS";"PLT";"PLATON"
"ATS";"TPS";"TITANE.PLUS"
"ATS";"LTY";"LISSAC x TYCIA"
"GRL";"LA";"LANCEL"
"LUX";"MK2";"Michael Kors Solaire (ATS"
"LUX";"MK1";"Michael Kors (ATS)"
"ATS";"CCS";"CHARLIE CHILL SOLAIRE"
"ATS";"RAL";"RALERI"
"LUX";"JC";"Jimmy Choo"
"LUX";"ME";"MONCLER"
"ATS";"MOD";"MODERATO"
"ATS";"CCM";"CHARLIE CHILL"
"LUX";"RW";"Ray-Ban META"
"ATS";"GIN";"GINO VEGA"
"ATS";"TRI";"TRIOO"
"PAC";"GIN";"GINO VEGA (ATS)"
"PAC";"TRI";"TRIOO (ATS)"
"ATS";"ATI";"ATTITUDE INVISIBLE"
"MAU";"MAU";"Maujim"
"KEY";"MAU";"Maujim"
"LUX";"OAM";"OAKLEY META"
"MAR";"KWO";"KWAY (ATS)"
"MAR";"KWS";"KWAY SOLAIRE (ATS)"
"NSG";"MLO";"MAISON LEO"
"LUX";"SWA";"Swarovski"
"LUX";"SWL";"Swarovski solaire"
"NSG";"MLS";"MAISON LEO SOLAIRE"
"ATS";"CCA";"CHARLIE CHILL ADO"
"ATS";"IBS";"IBIZCUS SOLAIRE"
"ATS";"MDC";"MEDLEY CLIP"
"LUX";"LUX";"LUXOTTICA"
